title,permalink,total comment count,upvotes,downvotes,posting utc date,posting utc time,posted at (unix timestamp),posted at (utc unix timestamp)
"WAYWT - August 30, 2017",https://reddit.com/r/femalefashionadvice/comments/6x0585/waywt_august_30_2017/,182,19,0,2017-08-30,2017-05-56,1504137956.0,1504109156.0
"WAYWT - August 27, 2017",https://reddit.com/r/femalefashionadvice/comments/6wcypl/waywt_august_27_2017/,238,45,0,2017-08-27,2017-05-47,1503878747.0,1503849947.0
"WAYWT - August 23, 2017",https://reddit.com/r/femalefashionadvice/comments/6vjyte/waywt_august_23_2017/,247,54,0,2017-08-23,2017-06-04,1503533164.0,1503504364.0
"WAYWT - August 20, 2017",https://reddit.com/r/femalefashionadvice/comments/6uwiut/waywt_august_20_2017/,180,51,0,2017-08-20,2017-05-47,1503273947.0,1503245147.0
"WAYWT - August 16, 2017",https://reddit.com/r/femalefashionadvice/comments/6u31lf/waywt_august_16_2017/,187,24,0,2017-08-16,2017-06-04,1502928364.0,1502899564.0
"WAYWT - August 13, 2017",https://reddit.com/r/femalefashionadvice/comments/6tfwpv/waywt_august_13_2017/,233,26,0,2017-08-13,2017-05-52,1502669152.0,1502640352.0
"WAYWT - August 09, 2017",https://reddit.com/r/femalefashionadvice/comments/6smgup/waywt_august_09_2017/,177,33,0,2017-08-09,2017-05-58,1502323558.0,1502294758.0
"WAYWT - August 06, 2017",https://reddit.com/r/femalefashionadvice/comments/6rz5kj/waywt_august_06_2017/,227,21,0,2017-08-06,2017-05-45,1502064345.0,1502035545.0
"WAYWT - August 02, 2017",https://reddit.com/r/femalefashionadvice/comments/6r56pb/waywt_august_02_2017/,188,20,0,2017-08-02,2017-05-53,1501718753.0,1501689953.0
"WAYWT - July 30, 2017",https://reddit.com/r/femalefashionadvice/comments/6qi4u7/waywt_july_30_2017/,165,39,0,2017-07-30,2017-05-46,1501459546.0,1501430746.0
"WAYWT - July 26, 2017",https://reddit.com/r/femalefashionadvice/comments/6pp1nv/waywt_july_26_2017/,194,18,0,2017-07-26,2017-06-03,1501113963.0,1501085163.0
"WAYWT - July 23, 2017",https://reddit.com/r/femalefashionadvice/comments/6p22xw/waywt_july_23_2017/,246,30,0,2017-07-23,2017-05-42,1500854742.0,1500825942.0
"WAYWT - July 19, 2017",https://reddit.com/r/femalefashionadvice/comments/6o9gk9/waywt_july_19_2017/,252,57,0,2017-07-19,2017-05-53,1500509153.0,1500480353.0
"WAYWT - July 16, 2017",https://reddit.com/r/femalefashionadvice/comments/6nmxr1/waywt_july_16_2017/,271,29,0,2017-07-16,2017-05-48,1500249948.0,1500221148.0
"WAYWT - July 12, 2017",https://reddit.com/r/femalefashionadvice/comments/6mux2b/waywt_july_12_2017/,248,38,0,2017-07-12,2017-06-05,1499904365.0,1499875565.0
"WAYWT - July 09, 2017",https://reddit.com/r/femalefashionadvice/comments/6m87z8/waywt_july_09_2017/,165,34,0,2017-07-09,2017-05-45,1499645145.0,1499616345.0
"WAYWT - July 05, 2017",https://reddit.com/r/femalefashionadvice/comments/6leynv/waywt_july_05_2017/,149,32,0,2017-07-05,2017-06-07,1499299567.0,1499270767.0
"WAYWT - July 02, 2017",https://reddit.com/r/femalefashionadvice/comments/6ktzj8/waywt_july_02_2017/,178,46,0,2017-07-02,2017-05-46,1499040346.0,1499011546.0
"WAYWT - June 28, 2017",https://reddit.com/r/femalefashionadvice/comments/6k1jag/waywt_june_28_2017/,223,35,0,2017-06-28,2017-06-05,1498694765.0,1498665965.0
"WAYWT - June 25, 2017",https://reddit.com/r/femalefashionadvice/comments/6jf31o/waywt_june_25_2017/,187,26,0,2017-06-25,2017-05-41,1498435541.0,1498406741.0
"WAYWT - June 21, 2017",https://reddit.com/r/femalefashionadvice/comments/6imsb7/waywt_june_21_2017/,208,24,0,2017-06-21,2017-05-59,1498089959.0,1498061159.0
"WAYWT - June 18, 2017",https://reddit.com/r/femalefashionadvice/comments/6i0eei/waywt_june_18_2017/,163,25,0,2017-06-18,2017-05-54,1497830754.0,1497801954.0
"WAYWT - June 14, 2017",https://reddit.com/r/femalefashionadvice/comments/6h8gqb/waywt_june_14_2017/,183,26,0,2017-06-14,2017-06-04,1497485164.0,1497456364.0
"WAYWT - June 11, 2017",https://reddit.com/r/femalefashionadvice/comments/6gm50l/waywt_june_11_2017/,144,26,0,2017-06-11,2017-05-52,1497225952.0,1497197152.0
"WAYWT - June 07, 2017",https://reddit.com/r/femalefashionadvice/comments/6fudwa/waywt_june_07_2017/,263,29,0,2017-06-07,2017-05-58,1496880358.0,1496851558.0
"WAYWT - June 04, 2017",https://reddit.com/r/femalefashionadvice/comments/6f8395/waywt_june_04_2017/,312,36,0,2017-06-04,2017-05-57,1496621157.0,1496592357.0
"WAYWT - May 31, 2017",https://reddit.com/r/femalefashionadvice/comments/6efxsi/waywt_may_31_2017/,198,20,0,2017-05-31,2017-06-10,1496275570.0,1496246770.0
"WAYWT - May 28, 2017",https://reddit.com/r/femalefashionadvice/comments/6dujdr/waywt_may_28_2017/,200,32,0,2017-05-28,2017-05-53,1496016353.0,1495987553.0
"WAYWT - May 24, 2017",https://reddit.com/r/femalefashionadvice/comments/6d3352/waywt_may_24_2017/,193,25,0,2017-05-24,2017-06-04,1495670764.0,1495641964.0
"WAYWT - May 21, 2017",https://reddit.com/r/femalefashionadvice/comments/6chawt/waywt_may_21_2017/,222,18,0,2017-05-21,2017-05-53,1495411553.0,1495382753.0
"WAYWT - May 17, 2017",https://reddit.com/r/femalefashionadvice/comments/6bpmgl/waywt_may_17_2017/,255,42,0,2017-05-17,2017-03-13,1495065793.0,1495036993.0
"WAYWT - May 14, 2017",https://reddit.com/r/femalefashionadvice/comments/6b4mfm/waywt_may_14_2017/,218,33,0,2017-05-14,2017-03-08,1494806588.0,1494777788.0
"WAYWT - May 10, 2017",https://reddit.com/r/femalefashionadvice/comments/6adozz/waywt_may_10_2017/,316,47,0,2017-05-10,2017-03-05,1494460985.0,1494432185.0
"WAYWT - May 07, 2017",https://reddit.com/r/femalefashionadvice/comments/69s0je/waywt_may_07_2017/,273,71,0,2017-05-07,2017-02-58,1494201778.0,1494172978.0
"WAYWT - May 03, 2017",https://reddit.com/r/femalefashionadvice/comments/6919kj/waywt_may_03_2017/,287,28,0,2017-05-03,2017-06-06,1493856366.0,1493827566.0
"WAYWT - April 30, 2017",https://reddit.com/r/femalefashionadvice/comments/68g6jq/waywt_april_30_2017/,310,87,0,2017-04-30,2017-03-07,1493596987.0,1493568187.0
"WAYWT - April 26, 2017",https://reddit.com/r/femalefashionadvice/comments/67p31j/waywt_april_26_2017/,317,27,0,2017-04-26,2017-03-20,1493251400.0,1493222600.0
"WAYWT - April 23, 2017",https://reddit.com/r/femalefashionadvice/comments/672zjc/waywt_april_23_2017/,406,70,0,2017-04-23,2017-02-58,1492992178.0,1492963378.0
"WAYWT - April 19, 2017",https://reddit.com/r/femalefashionadvice/comments/66b4q7/waywt_april_19_2017/,295,60,0,2017-04-19,2017-03-17,1492646597.0,1492617797.0
"WAYWT - April 16, 2017",https://reddit.com/r/femalefashionadvice/comments/65ptu4/waywt_april_16_2017/,283,59,0,2017-04-16,2017-04-06,1492387446.0,1492358646.0
"WAYWT - April 12, 2017",https://reddit.com/r/femalefashionadvice/comments/64z2hk/waywt_april_12_2017/,346,28,0,2017-04-12,2017-03-13,1492041793.0,1492012993.0
"WAYWT - April 09, 2017",https://reddit.com/r/femalefashionadvice/comments/64drot/waywt_april_09_2017/,339,39,0,2017-04-09,2017-03-13,1491782593.0,1491753793.0
"WAYWT - April 05, 2017",https://reddit.com/r/femalefashionadvice/comments/63mgd1/waywt_april_05_2017/,262,30,0,2017-04-05,2017-04-59,1491437099.0,1491408299.0
"WAYWT - April 02, 2017",https://reddit.com/r/femalefashionadvice/comments/630f8l/waywt_april_02_2017/,262,41,0,2017-04-02,2017-03-48,1491177828.0,1491149028.0
"WAYWT - March 29, 2017",https://reddit.com/r/femalefashionadvice/comments/627j7s/waywt_march_29_2017/,296,39,0,2017-03-29,2017-04-04,1490832244.0,1490803444.0
"WAYWT - March 26, 2017",https://reddit.com/r/femalefashionadvice/comments/61m9z7/waywt_march_26_2017/,300,68,0,2017-03-26,2017-04-26,1490573066.0,1490544266.0
"WAYWT - March 22, 2017",https://reddit.com/r/femalefashionadvice/comments/60vi51/waywt_march_22_2017/,325,40,0,2017-03-22,2017-03-17,1490227397.0,1490198597.0
"WAYWT - March 19, 2017",https://reddit.com/r/femalefashionadvice/comments/60aqzk/waywt_march_19_2017/,234,42,0,2017-03-19,2017-03-15,1489968195.0,1489939395.0
"WAYWT - March 15, 2017",https://reddit.com/r/femalefashionadvice/comments/5zk88l/waywt_march_15_2017/,318,39,0,2017-03-15,2017-03-24,1489622604.0,1489593804.0
"WAYWT - March 12, 2017",https://reddit.com/r/femalefashionadvice/comments/5yzbvg/waywt_march_12_2017/,289,54,0,2017-03-12,2017-02-45,1489363365.0,1489334565.0
"WAYWT - March 08, 2017",https://reddit.com/r/femalefashionadvice/comments/5y8pvs/waywt_march_08_2017/,394,27,0,2017-03-08,2017-03-07,1489017787.0,1488988987.0
"WAYWT - March 05, 2017",https://reddit.com/r/femalefashionadvice/comments/5xng3g/waywt_march_05_2017/,268,51,0,2017-03-05,2017-02-45,1488758565.0,1488729765.0
"WAYWT - March 01, 2017",https://reddit.com/r/femalefashionadvice/comments/5wwseh/waywt_march_01_2017/,351,49,0,2017-03-01,2017-02-50,1488412970.0,1488384170.0
"WAYWT - February 26, 2017",https://reddit.com/r/femalefashionadvice/comments/5waqux/waywt_february_26_2017/,365,48,0,2017-02-26,2017-05-50,1488153950.0,1488125150.0
"WAYWT - February 22, 2017",https://reddit.com/r/femalefashionadvice/comments/5vjhx0/waywt_february_22_2017/,439,58,0,2017-02-22,2017-05-36,1487808336.0,1487779536.0
"WAYWT - February 19, 2017",https://reddit.com/r/femalefashionadvice/comments/5uyvqj/waywt_february_19_2017/,282,39,0,2017-02-19,2017-05-39,1487549139.0,1487520339.0
"WAYWT - February 15, 2017",https://reddit.com/r/femalefashionadvice/comments/5u89ok/waywt_february_15_2017/,375,58,0,2017-02-15,2017-03-03,1487203383.0,1487174583.0
"WAYWT - February 12, 2017",https://reddit.com/r/femalefashionadvice/comments/5tm3q4/waywt_february_12_2017/,280,83,0,2017-02-12,2017-03-13,1486944193.0,1486915393.0
"WAYWT - February 08, 2017",https://reddit.com/r/femalefashionadvice/comments/5stiil/waywt_february_08_2017/,317,27,0,2017-02-08,2017-03-16,1486598596.0,1486569796.0
"WAYWT - February 05, 2017",https://reddit.com/r/femalefashionadvice/comments/5s847m/waywt_february_05_2017/,296,57,0,2017-02-05,2017-03-01,1486339381.0,1486310581.0
"WAYWT - February 01, 2017",https://reddit.com/r/femalefashionadvice/comments/5rgaam/waywt_february_01_2017/,322,55,0,2017-02-01,2017-03-19,1485993799.0,1485964999.0
"WAYWT - January 29, 2017",https://reddit.com/r/femalefashionadvice/comments/5queyw/waywt_january_29_2017/,352,48,0,2017-01-29,2017-03-01,1485734581.0,1485705781.0
"WAYWT - January 25, 2017",https://reddit.com/r/femalefashionadvice/comments/5q3z3z/waywt_january_25_2017/,314,76,0,2017-01-25,2017-02-58,1485388978.0,1485360178.0
"WAYWT - January 22, 2017",https://reddit.com/r/femalefashionadvice/comments/5phooz/waywt_january_22_2017/,334,70,0,2017-01-22,2017-03-05,1485129785.0,1485100985.0
"WAYWT - January 18, 2017",https://reddit.com/r/femalefashionadvice/comments/5oq65a/waywt_january_18_2017/,348,74,0,2017-01-18,2017-03-09,1484784189.0,1484755389.0
"WAYWT - January 15, 2017",https://reddit.com/r/femalefashionadvice/comments/5o4mgv/waywt_january_15_2017/,331,54,0,2017-01-15,2017-03-06,1484524986.0,1484496186.0
"WAYWT - January 11, 2017",https://reddit.com/r/femalefashionadvice/comments/5ncyd3/waywt_january_11_2017/,284,29,0,2017-01-11,2017-03-12,1484179392.0,1484150592.0
"WAYWT - January 08, 2017",https://reddit.com/r/femalefashionadvice/comments/5mrhi4/waywt_january_08_2017/,216,54,0,2017-01-08,2017-03-02,1483920182.0,1483891382.0
"WAYWT - January 04, 2017",https://reddit.com/r/femalefashionadvice/comments/5lzwif/waywt_january_04_2017/,226,29,0,2017-01-04,2017-03-04,1483574584.0,1483545784.0
"WAYWT - January 01, 2017",https://reddit.com/r/femalefashionadvice/comments/5lfogz/waywt_january_01_2017/,187,62,0,2017-01-01,2017-03-04,1483315384.0,1483286584.0
